"Subject","IPhash","Question","Answer"
1,"9b434fe669b8846170c1478158ef8d48","Native_language","Deutsch"
1,"9b434fe669b8846170c1478158ef8d48","L1","Englisch"
1,"9b434fe669b8846170c1478158ef8d48","L1_age","9"
1,"9b434fe669b8846170c1478158ef8d48","L2","Französisch"
1,"9b434fe669b8846170c1478158ef8d48","L2_age","13"
1,"9b434fe669b8846170c1478158ef8d48","L3",""
1,"9b434fe669b8846170c1478158ef8d48","L3_age",""
1,"9b434fe669b8846170c1478158ef8d48","Age","30"
1,"9b434fe669b8846170c1478158ef8d48","L1_level","advanced"
1,"9b434fe669b8846170c1478158ef8d48","L2_level","elementary"
1,"9b434fe669b8846170c1478158ef8d48","gender","female"
1,"9b434fe669b8846170c1478158ef8d48","handedness","righthanded"
1,"9b434fe669b8846170c1478158ef8d48","Strategy","Nein, ich habe lediglich versucht, auf Worte wie nicht oder kein zu achten, um nichts wesentliches zu übersehen."
1,"9b434fe669b8846170c1478158ef8d48","Guesses","Evtl. wie die Satzstellung oder Verneinungen das Verständnis beeinflussen. Ist aber eher geraten :)"
1,"9b434fe669b8846170c1478158ef8d48","Experiment_length","medium"
1,"9b434fe669b8846170c1478158ef8d48","Task_difficulty","medium"
1,"9b434fe669b8846170c1478158ef8d48","Problems",""
1,"9b434fe669b8846170c1478158ef8d48","Remarks",""
1,"9b434fe669b8846170c1478158ef8d48","KeepData","yes"
2,"5d19ef25707fac72b5fcd09b5336e602","Native_language","Deutsch"
2,"5d19ef25707fac72b5fcd09b5336e602","L1","Englisch"
2,"5d19ef25707fac72b5fcd09b5336e602","L1_age","8"
2,"5d19ef25707fac72b5fcd09b5336e602","L2","Französisch"
2,"5d19ef25707fac72b5fcd09b5336e602","L2_age","14"
2,"5d19ef25707fac72b5fcd09b5336e602","L3","Spanisch"
2,"5d19ef25707fac72b5fcd09b5336e602","L3_age","25"
2,"5d19ef25707fac72b5fcd09b5336e602","Age","25"
2,"5d19ef25707fac72b5fcd09b5336e602","L1_level","advanced"
2,"5d19ef25707fac72b5fcd09b5336e602","L2_level","intermediate"
2,"5d19ef25707fac72b5fcd09b5336e602","L3_level","elementary"
2,"5d19ef25707fac72b5fcd09b5336e602","gender","male"
2,"5d19ef25707fac72b5fcd09b5336e602","handedness","righthanded"
2,"5d19ef25707fac72b5fcd09b5336e602","Strategy",""
2,"5d19ef25707fac72b5fcd09b5336e602","Guesses",""
2,"5d19ef25707fac72b5fcd09b5336e602","Experiment_length","medium"
2,"5d19ef25707fac72b5fcd09b5336e602","Task_difficulty","medium"
2,"5d19ef25707fac72b5fcd09b5336e602","Problems",""
2,"5d19ef25707fac72b5fcd09b5336e602","Remarks",""
2,"5d19ef25707fac72b5fcd09b5336e602","KeepData","yes"
3,"8b51f023fe784ad902b355f92b78208e","Native_language","deutsch"
3,"8b51f023fe784ad902b355f92b78208e","L1","spanisch"
3,"8b51f023fe784ad902b355f92b78208e","L1_age","25"
3,"8b51f023fe784ad902b355f92b78208e","L2","englisch"
3,"8b51f023fe784ad902b355f92b78208e","L2_age","8"
3,"8b51f023fe784ad902b355f92b78208e","L3",""
3,"8b51f023fe784ad902b355f92b78208e","L3_age",""
3,"8b51f023fe784ad902b355f92b78208e","Age","28"
3,"8b51f023fe784ad902b355f92b78208e","L1_level","fluent"
3,"8b51f023fe784ad902b355f92b78208e","L2_level","fluent"
3,"8b51f023fe784ad902b355f92b78208e","gender","male"
3,"8b51f023fe784ad902b355f92b78208e","handedness","righthanded"
3,"8b51f023fe784ad902b355f92b78208e","Strategy","Nicht wirklich, aber tatsächlich muss ich zugeben, dass es manchmal so war, dass ich am Ende des zweiten Satzes schon die Signalwörter des ersten vergessen hatte. Ist aber auch eine Frage des Fokus. Als Strategie vielleicht, Einprägen von Signalwörtern, wie immer/niemals etc."
3,"8b51f023fe784ad902b355f92b78208e","Guesses","Reaktionszeit im Verhältnis zur Richtigkeit der Antwort"
3,"8b51f023fe784ad902b355f92b78208e","Experiment_length","medium"
3,"8b51f023fe784ad902b355f92b78208e","Task_difficulty","very easy"
3,"8b51f023fe784ad902b355f92b78208e","Problems",""
3,"8b51f023fe784ad902b355f92b78208e","Remarks",""
3,"8b51f023fe784ad902b355f92b78208e","KeepData","yes"
4,"49605e299e4eee0affecedfb9950bad9","Native_language","Deutsch"
4,"49605e299e4eee0affecedfb9950bad9","L1","Englisch"
4,"49605e299e4eee0affecedfb9950bad9","L1_age","10"
4,"49605e299e4eee0affecedfb9950bad9","L2","Französisch"
4,"49605e299e4eee0affecedfb9950bad9","L2_age","12"
4,"49605e299e4eee0affecedfb9950bad9","L3","Latein"
4,"49605e299e4eee0affecedfb9950bad9","L3_age","16"
4,"49605e299e4eee0affecedfb9950bad9","Age","21"
4,"49605e299e4eee0affecedfb9950bad9","L1_level","fluent"
4,"49605e299e4eee0affecedfb9950bad9","L2_level","intermediate"
4,"49605e299e4eee0affecedfb9950bad9","L3_level","advanced"
4,"49605e299e4eee0affecedfb9950bad9","gender","female"
4,"49605e299e4eee0affecedfb9950bad9","handedness","righthanded"
4,"49605e299e4eee0affecedfb9950bad9","Strategy",""
4,"49605e299e4eee0affecedfb9950bad9","Guesses",""
4,"49605e299e4eee0affecedfb9950bad9","Experiment_length","medium"
4,"49605e299e4eee0affecedfb9950bad9","Task_difficulty","very easy"
4,"49605e299e4eee0affecedfb9950bad9","Problems",""
4,"49605e299e4eee0affecedfb9950bad9","Remarks",""
4,"49605e299e4eee0affecedfb9950bad9","KeepData","yes"
5,"9df93ee98a4ed211fe23be4df3929ce1","Native_language","Deutsch"
5,"9df93ee98a4ed211fe23be4df3929ce1","L1","Englisch"
5,"9df93ee98a4ed211fe23be4df3929ce1","L1_age","16"
5,"9df93ee98a4ed211fe23be4df3929ce1","L2",""
5,"9df93ee98a4ed211fe23be4df3929ce1","L2_age",""
5,"9df93ee98a4ed211fe23be4df3929ce1","L3",""
5,"9df93ee98a4ed211fe23be4df3929ce1","L3_age",""
5,"9df93ee98a4ed211fe23be4df3929ce1","Age","32"
5,"9df93ee98a4ed211fe23be4df3929ce1","L1_level","advanced"
5,"9df93ee98a4ed211fe23be4df3929ce1","gender","male"
5,"9df93ee98a4ed211fe23be4df3929ce1","handedness","righthanded"
5,"9df93ee98a4ed211fe23be4df3929ce1","Strategy","schnell die leertaste drücken, damit ein flüssiger satz ensteht"
5,"9df93ee98a4ed211fe23be4df3929ce1","Guesses","aufmerksamkeit/ merken eines satzes"
5,"9df93ee98a4ed211fe23be4df3929ce1","Experiment_length","medium"
5,"9df93ee98a4ed211fe23be4df3929ce1","Task_difficulty","medium"
5,"9df93ee98a4ed211fe23be4df3929ce1","Problems","nope"
5,"9df93ee98a4ed211fe23be4df3929ce1","Remarks",""
5,"9df93ee98a4ed211fe23be4df3929ce1","KeepData","yes"
6,"996c213c01a7a02f8df722f4f39fb6a2","Native_language","Deutsch"
6,"996c213c01a7a02f8df722f4f39fb6a2","L1","Englisch"
6,"996c213c01a7a02f8df722f4f39fb6a2","L1_age","9"
6,"996c213c01a7a02f8df722f4f39fb6a2","L2","Französisch"
6,"996c213c01a7a02f8df722f4f39fb6a2","L2_age","11"
6,"996c213c01a7a02f8df722f4f39fb6a2","L3","Spanisch"
6,"996c213c01a7a02f8df722f4f39fb6a2","L3_age","16"
6,"996c213c01a7a02f8df722f4f39fb6a2","Age","21"
6,"996c213c01a7a02f8df722f4f39fb6a2","L1_level","fluent"
6,"996c213c01a7a02f8df722f4f39fb6a2","L2_level","intermediate"
6,"996c213c01a7a02f8df722f4f39fb6a2","L3_level","elementary"
6,"996c213c01a7a02f8df722f4f39fb6a2","gender","female"
6,"996c213c01a7a02f8df722f4f39fb6a2","handedness","righthanded"
6,"996c213c01a7a02f8df722f4f39fb6a2","Strategy","Keine Strategie"
6,"996c213c01a7a02f8df722f4f39fb6a2","Guesses","Nein"
6,"996c213c01a7a02f8df722f4f39fb6a2","Experiment_length","very short"
6,"996c213c01a7a02f8df722f4f39fb6a2","Task_difficulty","very easy"
6,"996c213c01a7a02f8df722f4f39fb6a2","Problems",""
6,"996c213c01a7a02f8df722f4f39fb6a2","Remarks",""
6,"996c213c01a7a02f8df722f4f39fb6a2","KeepData","yes"
7,"5915e7b90e44ea32fc0b17ca37b98961","Native_language","Deutsch"
7,"5915e7b90e44ea32fc0b17ca37b98961","L1","Englisch"
7,"5915e7b90e44ea32fc0b17ca37b98961","L1_age","10"
7,"5915e7b90e44ea32fc0b17ca37b98961","L2","Französisch"
7,"5915e7b90e44ea32fc0b17ca37b98961","L2_age",""
7,"5915e7b90e44ea32fc0b17ca37b98961","L3",""
7,"5915e7b90e44ea32fc0b17ca37b98961","L3_age",""
7,"5915e7b90e44ea32fc0b17ca37b98961","Age","28"
7,"5915e7b90e44ea32fc0b17ca37b98961","L1_level","advanced"
7,"5915e7b90e44ea32fc0b17ca37b98961","L2_level","elementary"
7,"5915e7b90e44ea32fc0b17ca37b98961","gender","female"
7,"5915e7b90e44ea32fc0b17ca37b98961","handedness","righthanded"
7,"5915e7b90e44ea32fc0b17ca37b98961","Strategy","Keine besondere Strategie. Einfach die Sätze aufmerksam lesen und dann schauen ob alles Sinn zusammen ergibt."
7,"5915e7b90e44ea32fc0b17ca37b98961","Guesses",""
7,"5915e7b90e44ea32fc0b17ca37b98961","Experiment_length","medium"
7,"5915e7b90e44ea32fc0b17ca37b98961","Task_difficulty","very easy"
7,"5915e7b90e44ea32fc0b17ca37b98961","Problems",""
7,"5915e7b90e44ea32fc0b17ca37b98961","Remarks",""
7,"5915e7b90e44ea32fc0b17ca37b98961","KeepData","yes"
8,"53d91dbe8513f500f63445ee47f8f131","Native_language","Deutsch"
8,"53d91dbe8513f500f63445ee47f8f131","L1","Englisch"
8,"53d91dbe8513f500f63445ee47f8f131","L1_age","9"
8,"53d91dbe8513f500f63445ee47f8f131","L2","Russisch"
8,"53d91dbe8513f500f63445ee47f8f131","L2_age","14"
8,"53d91dbe8513f500f63445ee47f8f131","L3",""
8,"53d91dbe8513f500f63445ee47f8f131","L3_age",""
8,"53d91dbe8513f500f63445ee47f8f131","Age","30"
8,"53d91dbe8513f500f63445ee47f8f131","L1_level","fluent"
8,"53d91dbe8513f500f63445ee47f8f131","L2_level","elementary"
8,"53d91dbe8513f500f63445ee47f8f131","gender","male"
8,"53d91dbe8513f500f63445ee47f8f131","handedness","ambidexter"
8,"53d91dbe8513f500f63445ee47f8f131","Strategy","Besonders gut auf mögliche Verneinungen achten."
8,"53d91dbe8513f500f63445ee47f8f131","Guesses","Nein"
8,"53d91dbe8513f500f63445ee47f8f131","Experiment_length","medium"
8,"53d91dbe8513f500f63445ee47f8f131","Task_difficulty","medium"
8,"53d91dbe8513f500f63445ee47f8f131","Problems","Nein"
8,"53d91dbe8513f500f63445ee47f8f131","Remarks","Nein"
8,"53d91dbe8513f500f63445ee47f8f131","KeepData","yes"
9,"201e7ac1404565b2f8c99915832d6674","Native_language","Deutsch"
9,"201e7ac1404565b2f8c99915832d6674","L1","Englisch"
9,"201e7ac1404565b2f8c99915832d6674","L1_age","10"
9,"201e7ac1404565b2f8c99915832d6674","L2","Latein"
9,"201e7ac1404565b2f8c99915832d6674","L2_age","17"
9,"201e7ac1404565b2f8c99915832d6674","L3","Spanisch"
9,"201e7ac1404565b2f8c99915832d6674","L3_age","23"
9,"201e7ac1404565b2f8c99915832d6674","Age","31"
9,"201e7ac1404565b2f8c99915832d6674","L1_level","fluent"
9,"201e7ac1404565b2f8c99915832d6674","L2_level","elementary"
9,"201e7ac1404565b2f8c99915832d6674","L3_level","elementary"
9,"201e7ac1404565b2f8c99915832d6674","gender","male"
9,"201e7ac1404565b2f8c99915832d6674","handedness","righthanded"
9,"201e7ac1404565b2f8c99915832d6674","Strategy","Ich habe lediglich die Anweisungen befolgt und die Sätze gelesen und entsprechend meiner Interpretation nach beurteilt, ob Sie Sinn ergeben oder nicht."
9,"201e7ac1404565b2f8c99915832d6674","Guesses","Eventuell wie schnell man die direkt dargestellten Sätze gegenüber den durchschaltbaren Sätzen gelesen hat?"
9,"201e7ac1404565b2f8c99915832d6674","Experiment_length","medium"
9,"201e7ac1404565b2f8c99915832d6674","Task_difficulty","very easy"
9,"201e7ac1404565b2f8c99915832d6674","Problems","nein"
9,"201e7ac1404565b2f8c99915832d6674","Remarks","nein"
9,"201e7ac1404565b2f8c99915832d6674","KeepData","yes"
10,"38c83e60f053e2b2de1d79cf3f54b951","Native_language","Deutsch"
10,"38c83e60f053e2b2de1d79cf3f54b951","L1","Englisch"
10,"38c83e60f053e2b2de1d79cf3f54b951","L1_age","10"
10,"38c83e60f053e2b2de1d79cf3f54b951","L2","Spanisch"
10,"38c83e60f053e2b2de1d79cf3f54b951","L2_age","17"
10,"38c83e60f053e2b2de1d79cf3f54b951","L3","Russisch"
10,"38c83e60f053e2b2de1d79cf3f54b951","L3_age","3"
10,"38c83e60f053e2b2de1d79cf3f54b951","Age","27"
10,"38c83e60f053e2b2de1d79cf3f54b951","L1_level","fluent"
10,"38c83e60f053e2b2de1d79cf3f54b951","L2_level","elementary"
10,"38c83e60f053e2b2de1d79cf3f54b951","L3_level","intermediate"
10,"38c83e60f053e2b2de1d79cf3f54b951","gender","female"
10,"38c83e60f053e2b2de1d79cf3f54b951","handedness","righthanded"
10,"38c83e60f053e2b2de1d79cf3f54b951","Strategy","Ich habe versucht auf den Inhalt und die Grammatik zu achten"
10,"38c83e60f053e2b2de1d79cf3f54b951","Guesses",""
10,"38c83e60f053e2b2de1d79cf3f54b951","Experiment_length","medium"
10,"38c83e60f053e2b2de1d79cf3f54b951","Task_difficulty","medium"
10,"38c83e60f053e2b2de1d79cf3f54b951","Problems","nein"
10,"38c83e60f053e2b2de1d79cf3f54b951","Remarks","nein"
10,"38c83e60f053e2b2de1d79cf3f54b951","KeepData","yes"
11,"e36d59c2d2c08126c3d05970fedf49c8","Native_language","Deutsch"
11,"e36d59c2d2c08126c3d05970fedf49c8","L1","Englisch"
11,"e36d59c2d2c08126c3d05970fedf49c8","L1_age","11"
11,"e36d59c2d2c08126c3d05970fedf49c8","L2","Französisch"
11,"e36d59c2d2c08126c3d05970fedf49c8","L2_age","13"
11,"e36d59c2d2c08126c3d05970fedf49c8","L3","Spanisch"
11,"e36d59c2d2c08126c3d05970fedf49c8","L3_age","17"
11,"e36d59c2d2c08126c3d05970fedf49c8","Age","28"
11,"e36d59c2d2c08126c3d05970fedf49c8","L1_level","fluent"
11,"e36d59c2d2c08126c3d05970fedf49c8","L2_level","elementary"
11,"e36d59c2d2c08126c3d05970fedf49c8","L3_level","elementary"
11,"e36d59c2d2c08126c3d05970fedf49c8","gender","female"
11,"e36d59c2d2c08126c3d05970fedf49c8","handedness","righthanded"
11,"e36d59c2d2c08126c3d05970fedf49c8","Strategy","Ich habe mir den ersten Satz als visuelle Geschichte vor meinem inneren Auge  vorgestellt, um instinktiv zu merken, ob der zweite Satz in Verbindung damit schlüssig ist."
11,"e36d59c2d2c08126c3d05970fedf49c8","Guesses",""
11,"e36d59c2d2c08126c3d05970fedf49c8","Experiment_length","medium"
11,"e36d59c2d2c08126c3d05970fedf49c8","Task_difficulty","medium"
11,"e36d59c2d2c08126c3d05970fedf49c8","Problems","nein"
11,"e36d59c2d2c08126c3d05970fedf49c8","Remarks","nein"
11,"e36d59c2d2c08126c3d05970fedf49c8","KeepData","yes"
12,"6bdde00c8aeafdd06e53be31696c05d4","Native_language","deutsch"
12,"6bdde00c8aeafdd06e53be31696c05d4","L1","Englisch"
12,"6bdde00c8aeafdd06e53be31696c05d4","L1_age","10"
12,"6bdde00c8aeafdd06e53be31696c05d4","L2","Französisch"
12,"6bdde00c8aeafdd06e53be31696c05d4","L2_age","13"
12,"6bdde00c8aeafdd06e53be31696c05d4","L3","Spanisch"
12,"6bdde00c8aeafdd06e53be31696c05d4","L3_age","15"
12,"6bdde00c8aeafdd06e53be31696c05d4","Age","24"
12,"6bdde00c8aeafdd06e53be31696c05d4","L1_level","fluent"
12,"6bdde00c8aeafdd06e53be31696c05d4","L2_level","elementary"
12,"6bdde00c8aeafdd06e53be31696c05d4","L3_level","intermediate"
12,"6bdde00c8aeafdd06e53be31696c05d4","gender","female"
12,"6bdde00c8aeafdd06e53be31696c05d4","handedness","righthanded"
12,"6bdde00c8aeafdd06e53be31696c05d4","Strategy","Nur überlegen ob es logisch ist oder nicht "
12,"6bdde00c8aeafdd06e53be31696c05d4","Guesses","nein"
12,"6bdde00c8aeafdd06e53be31696c05d4","Experiment_length","medium"
12,"6bdde00c8aeafdd06e53be31696c05d4","Task_difficulty","very easy"
12,"6bdde00c8aeafdd06e53be31696c05d4","Problems","nein"
12,"6bdde00c8aeafdd06e53be31696c05d4","Remarks","nein"
12,"6bdde00c8aeafdd06e53be31696c05d4","KeepData","yes"
13,"cf49b45532a5cd5b8ec2aae305539f8e","Native_language","Deutsch"
13,"cf49b45532a5cd5b8ec2aae305539f8e","L1","Englisch"
13,"cf49b45532a5cd5b8ec2aae305539f8e","L1_age","8"
13,"cf49b45532a5cd5b8ec2aae305539f8e","L2",""
13,"cf49b45532a5cd5b8ec2aae305539f8e","L2_age",""
13,"cf49b45532a5cd5b8ec2aae305539f8e","L3",""
13,"cf49b45532a5cd5b8ec2aae305539f8e","L3_age",""
13,"cf49b45532a5cd5b8ec2aae305539f8e","Age","32"
13,"cf49b45532a5cd5b8ec2aae305539f8e","L1_level","elementary"
13,"cf49b45532a5cd5b8ec2aae305539f8e","gender","male"
13,"cf49b45532a5cd5b8ec2aae305539f8e","handedness","righthanded"
13,"cf49b45532a5cd5b8ec2aae305539f8e","Strategy","Keine besondere Strategie. Ich habe die Sätze gelesen und die Fragen entsprechend beantwortet."
13,"cf49b45532a5cd5b8ec2aae305539f8e","Guesses","Nein"
13,"cf49b45532a5cd5b8ec2aae305539f8e","Experiment_length","medium"
13,"cf49b45532a5cd5b8ec2aae305539f8e","Task_difficulty","medium"
13,"cf49b45532a5cd5b8ec2aae305539f8e","Problems",""
13,"cf49b45532a5cd5b8ec2aae305539f8e","Remarks",""
13,"cf49b45532a5cd5b8ec2aae305539f8e","KeepData","yes"
14,"7b0cf22f23eb839f071349749ec42eef","Native_language","deutsch"
14,"7b0cf22f23eb839f071349749ec42eef","L1","Englisch"
14,"7b0cf22f23eb839f071349749ec42eef","L1_age","7"
14,"7b0cf22f23eb839f071349749ec42eef","L2","Niederländisch"
14,"7b0cf22f23eb839f071349749ec42eef","L2_age","19"
14,"7b0cf22f23eb839f071349749ec42eef","L3","Französisch"
14,"7b0cf22f23eb839f071349749ec42eef","L3_age","12"
14,"7b0cf22f23eb839f071349749ec42eef","Age","25"
14,"7b0cf22f23eb839f071349749ec42eef","L1_level","fluent"
14,"7b0cf22f23eb839f071349749ec42eef","L2_level","elementary"
14,"7b0cf22f23eb839f071349749ec42eef","L3_level","elementary"
14,"7b0cf22f23eb839f071349749ec42eef","gender","female"
14,"7b0cf22f23eb839f071349749ec42eef","handedness","righthanded"
14,"7b0cf22f23eb839f071349749ec42eef","Strategy","Stichpunkte aus dem ersten Satz merken"
14,"7b0cf22f23eb839f071349749ec42eef","Guesses",""
14,"7b0cf22f23eb839f071349749ec42eef","Experiment_length","medium"
14,"7b0cf22f23eb839f071349749ec42eef","Task_difficulty","very easy"
14,"7b0cf22f23eb839f071349749ec42eef","Problems",""
14,"7b0cf22f23eb839f071349749ec42eef","Remarks",""
14,"7b0cf22f23eb839f071349749ec42eef","KeepData","yes"
15,"17843dfdb40550199c6abd6521487f08","Native_language","deutsch"
15,"17843dfdb40550199c6abd6521487f08","L1","englisch"
15,"17843dfdb40550199c6abd6521487f08","L1_age","6"
15,"17843dfdb40550199c6abd6521487f08","L2","spanisch"
15,"17843dfdb40550199c6abd6521487f08","L2_age","15"
15,"17843dfdb40550199c6abd6521487f08","L3","arabisch"
15,"17843dfdb40550199c6abd6521487f08","L3_age","22"
15,"17843dfdb40550199c6abd6521487f08","Age","23"
15,"17843dfdb40550199c6abd6521487f08","L1_level","fluent"
15,"17843dfdb40550199c6abd6521487f08","L2_level","intermediate"
15,"17843dfdb40550199c6abd6521487f08","L3_level","elementary"
15,"17843dfdb40550199c6abd6521487f08","gender","male"
15,"17843dfdb40550199c6abd6521487f08","handedness","righthanded"
15,"17843dfdb40550199c6abd6521487f08","Strategy","nein"
15,"17843dfdb40550199c6abd6521487f08","Guesses","lesegeschwindigkeit"
15,"17843dfdb40550199c6abd6521487f08","Experiment_length","medium"
15,"17843dfdb40550199c6abd6521487f08","Task_difficulty","medium"
15,"17843dfdb40550199c6abd6521487f08","Problems","-"
15,"17843dfdb40550199c6abd6521487f08","Remarks","-"
15,"17843dfdb40550199c6abd6521487f08","KeepData","yes"
16,"e23483b2f10aeaa9e7f4e17a6acc1e25","Native_language","Deutsch"
16,"e23483b2f10aeaa9e7f4e17a6acc1e25","L1","Englisch"
16,"e23483b2f10aeaa9e7f4e17a6acc1e25","L1_age","8"
16,"e23483b2f10aeaa9e7f4e17a6acc1e25","L2","Latein"
16,"e23483b2f10aeaa9e7f4e17a6acc1e25","L2_age","12"
16,"e23483b2f10aeaa9e7f4e17a6acc1e25","L3",""
16,"e23483b2f10aeaa9e7f4e17a6acc1e25","L3_age",""
16,"e23483b2f10aeaa9e7f4e17a6acc1e25","Age","20"
16,"e23483b2f10aeaa9e7f4e17a6acc1e25","L1_level","advanced"
16,"e23483b2f10aeaa9e7f4e17a6acc1e25","L2_level","elementary"
16,"e23483b2f10aeaa9e7f4e17a6acc1e25","gender","female"
16,"e23483b2f10aeaa9e7f4e17a6acc1e25","handedness","righthanded"
16,"e23483b2f10aeaa9e7f4e17a6acc1e25","Strategy","Nein"
16,"e23483b2f10aeaa9e7f4e17a6acc1e25","Guesses","Nein"
16,"e23483b2f10aeaa9e7f4e17a6acc1e25","Experiment_length","medium"
16,"e23483b2f10aeaa9e7f4e17a6acc1e25","Task_difficulty","very easy"
16,"e23483b2f10aeaa9e7f4e17a6acc1e25","Problems","Nein"
16,"e23483b2f10aeaa9e7f4e17a6acc1e25","Remarks","Die Tastenbelegung war etwas unhandlich. Es wäre besser gewesen, wenn die Tasten etwas näher beieinander gewesen wären."
16,"e23483b2f10aeaa9e7f4e17a6acc1e25","KeepData","yes"
17,"901cf67c6925dc645a3471e896de844a","Strategy","So gut den ersten Satz einprägen wie es ging"
17,"901cf67c6925dc645a3471e896de844a","Guesses","wie schnell man lesen kann"
17,"901cf67c6925dc645a3471e896de844a","Experiment_length","medium"
17,"901cf67c6925dc645a3471e896de844a","Task_difficulty","medium"
17,"901cf67c6925dc645a3471e896de844a","Problems","nein"
17,"901cf67c6925dc645a3471e896de844a","Remarks","nein"
17,"901cf67c6925dc645a3471e896de844a","KeepData","yes"
17,"901cf67c6925dc645a3471e896de844a","Native_language","deutsch"
17,"901cf67c6925dc645a3471e896de844a","L1","Englisch"
17,"901cf67c6925dc645a3471e896de844a","L1_age","8"
17,"901cf67c6925dc645a3471e896de844a","L2","Latein"
17,"901cf67c6925dc645a3471e896de844a","L2_age","12"
17,"901cf67c6925dc645a3471e896de844a","L3",""
17,"901cf67c6925dc645a3471e896de844a","L3_age",""
17,"901cf67c6925dc645a3471e896de844a","Age","25"
17,"901cf67c6925dc645a3471e896de844a","L1_level","fluent"
17,"901cf67c6925dc645a3471e896de844a","L2_level","elementary"
17,"901cf67c6925dc645a3471e896de844a","gender","female"
17,"901cf67c6925dc645a3471e896de844a","handedness","righthanded"
18,"4f89d4d8ded1cf0c9174434bf2e43bbe","Native_language","Deutsch"
18,"4f89d4d8ded1cf0c9174434bf2e43bbe","L1","Englisch"
18,"4f89d4d8ded1cf0c9174434bf2e43bbe","L1_age","10"
18,"4f89d4d8ded1cf0c9174434bf2e43bbe","L2",""
18,"4f89d4d8ded1cf0c9174434bf2e43bbe","L2_age",""
18,"4f89d4d8ded1cf0c9174434bf2e43bbe","L3",""
18,"4f89d4d8ded1cf0c9174434bf2e43bbe","L3_age",""
18,"4f89d4d8ded1cf0c9174434bf2e43bbe","Age","32"
18,"4f89d4d8ded1cf0c9174434bf2e43bbe","L1_level","fluent"
18,"4f89d4d8ded1cf0c9174434bf2e43bbe","gender","male"
18,"4f89d4d8ded1cf0c9174434bf2e43bbe","handedness","righthanded"
18,"4f89d4d8ded1cf0c9174434bf2e43bbe","Strategy","Nein"
18,"4f89d4d8ded1cf0c9174434bf2e43bbe","Guesses","Nein"
18,"4f89d4d8ded1cf0c9174434bf2e43bbe","Experiment_length","medium"
18,"4f89d4d8ded1cf0c9174434bf2e43bbe","Task_difficulty","very easy"
18,"4f89d4d8ded1cf0c9174434bf2e43bbe","Problems","Nein"
18,"4f89d4d8ded1cf0c9174434bf2e43bbe","Remarks","Nein"
18,"4f89d4d8ded1cf0c9174434bf2e43bbe","KeepData","yes"
19,"8175267c6d8b12d328db32e60bba8e18","Native_language","Deutsch"
19,"8175267c6d8b12d328db32e60bba8e18","L1","Englisch"
19,"8175267c6d8b12d328db32e60bba8e18","L1_age","8"
19,"8175267c6d8b12d328db32e60bba8e18","L2",""
19,"8175267c6d8b12d328db32e60bba8e18","L2_age",""
19,"8175267c6d8b12d328db32e60bba8e18","L3",""
19,"8175267c6d8b12d328db32e60bba8e18","L3_age",""
19,"8175267c6d8b12d328db32e60bba8e18","Age","19"
19,"8175267c6d8b12d328db32e60bba8e18","L1_level","fluent"
19,"8175267c6d8b12d328db32e60bba8e18","gender","female"
19,"8175267c6d8b12d328db32e60bba8e18","handedness","righthanded"
19,"8175267c6d8b12d328db32e60bba8e18","Strategy","Ich habe mir den ersten Satz genau durchgelesen und im Kopf behalten."
19,"8175267c6d8b12d328db32e60bba8e18","Guesses","nein"
19,"8175267c6d8b12d328db32e60bba8e18","Experiment_length","medium"
19,"8175267c6d8b12d328db32e60bba8e18","Task_difficulty","medium"
19,"8175267c6d8b12d328db32e60bba8e18","Problems","nein"
19,"8175267c6d8b12d328db32e60bba8e18","Remarks","nein"
19,"8175267c6d8b12d328db32e60bba8e18","KeepData","yes"
20,"9668d365093a3c191e41e2f72b3eaa5c","Native_language","deutsch"
20,"9668d365093a3c191e41e2f72b3eaa5c","L1","Englisch"
20,"9668d365093a3c191e41e2f72b3eaa5c","L1_age","10"
20,"9668d365093a3c191e41e2f72b3eaa5c","L2",""
20,"9668d365093a3c191e41e2f72b3eaa5c","L2_age",""
20,"9668d365093a3c191e41e2f72b3eaa5c","L3",""
20,"9668d365093a3c191e41e2f72b3eaa5c","L3_age",""
20,"9668d365093a3c191e41e2f72b3eaa5c","Age","26"
20,"9668d365093a3c191e41e2f72b3eaa5c","L1_level","advanced"
20,"9668d365093a3c191e41e2f72b3eaa5c","gender","male"
20,"9668d365093a3c191e41e2f72b3eaa5c","handedness","righthanded"
20,"9668d365093a3c191e41e2f72b3eaa5c","Strategy","Ich habe die Sätze mir selbst laut vorgelesen."
20,"9668d365093a3c191e41e2f72b3eaa5c","Guesses","Konzentrationsunterschiede bei den verschiedenen Arten einen Satz zu lesen."
20,"9668d365093a3c191e41e2f72b3eaa5c","Experiment_length","medium"
20,"9668d365093a3c191e41e2f72b3eaa5c","Task_difficulty","very easy"
20,"9668d365093a3c191e41e2f72b3eaa5c","Problems","Nein."
20,"9668d365093a3c191e41e2f72b3eaa5c","Remarks","Nein"
20,"9668d365093a3c191e41e2f72b3eaa5c","KeepData","yes"
21,"2f8eed30a422a494c21715a16d15b3f0","Native_language","Deutsch"
21,"2f8eed30a422a494c21715a16d15b3f0","L1","Englisch"
21,"2f8eed30a422a494c21715a16d15b3f0","L1_age","10"
21,"2f8eed30a422a494c21715a16d15b3f0","L2",""
21,"2f8eed30a422a494c21715a16d15b3f0","L2_age",""
21,"2f8eed30a422a494c21715a16d15b3f0","L3",""
21,"2f8eed30a422a494c21715a16d15b3f0","L3_age",""
21,"2f8eed30a422a494c21715a16d15b3f0","Age","21"
21,"2f8eed30a422a494c21715a16d15b3f0","L1_level","intermediate"
21,"2f8eed30a422a494c21715a16d15b3f0","gender","male"
21,"2f8eed30a422a494c21715a16d15b3f0","handedness","righthanded"
21,"2f8eed30a422a494c21715a16d15b3f0","Strategy","Habe mir die Szenarien im Kopf vorgestellt"
21,"2f8eed30a422a494c21715a16d15b3f0","Guesses","Habe keine Vermutung, was untersucht wird. "
21,"2f8eed30a422a494c21715a16d15b3f0","Experiment_length","very long"
21,"2f8eed30a422a494c21715a16d15b3f0","Task_difficulty","medium"
21,"2f8eed30a422a494c21715a16d15b3f0","Problems","Nein, keine technischen Probleme."
21,"2f8eed30a422a494c21715a16d15b3f0","Remarks",""
21,"2f8eed30a422a494c21715a16d15b3f0","KeepData","yes"
22,"d35f2fe8c860d18f29cee107144c32c0","handedness","righthanded"
22,"d35f2fe8c860d18f29cee107144c32c0","gender","male"
22,"d35f2fe8c860d18f29cee107144c32c0","L2_level","elementary"
22,"d35f2fe8c860d18f29cee107144c32c0","L1_level","fluent"
22,"d35f2fe8c860d18f29cee107144c32c0","Age","22"
22,"d35f2fe8c860d18f29cee107144c32c0","L3_age",""
22,"d35f2fe8c860d18f29cee107144c32c0","L3",""
22,"d35f2fe8c860d18f29cee107144c32c0","L2_age","12"
22,"d35f2fe8c860d18f29cee107144c32c0","L2","Spanisch"
22,"d35f2fe8c860d18f29cee107144c32c0","L1_age","8"
22,"d35f2fe8c860d18f29cee107144c32c0","L1","Englisch"
22,"d35f2fe8c860d18f29cee107144c32c0","Native_language","Deutsch"
22,"d35f2fe8c860d18f29cee107144c32c0","Guesses","In wie fern die Muttersprache oder andere Faktoren Einfluss auf so etwas haben."
22,"d35f2fe8c860d18f29cee107144c32c0","Strategy","Ich habe mir den vorherigen Satz gemerkt und dann anhand des zweiten Satzes entschieden, ob beide Sätze im Zusammenhang Sinn ergeben, oder sich gar widersprechen."
22,"d35f2fe8c860d18f29cee107144c32c0","Task_difficulty","very easy"
22,"d35f2fe8c860d18f29cee107144c32c0","Experiment_length","medium"
22,"d35f2fe8c860d18f29cee107144c32c0","Remarks","Nein, alles in Ordnung."
22,"d35f2fe8c860d18f29cee107144c32c0","Problems","Nein, alles war super."
22,"d35f2fe8c860d18f29cee107144c32c0","KeepData","yes"
23,"edc637caab03d15ce04a3c51bf529138","Native_language","deutsch"
23,"edc637caab03d15ce04a3c51bf529138","L1","Englisch"
23,"edc637caab03d15ce04a3c51bf529138","L1_age","8"
23,"edc637caab03d15ce04a3c51bf529138","L2",""
23,"edc637caab03d15ce04a3c51bf529138","L2_age",""
23,"edc637caab03d15ce04a3c51bf529138","L3",""
23,"edc637caab03d15ce04a3c51bf529138","L3_age",""
23,"edc637caab03d15ce04a3c51bf529138","Age","27"
23,"edc637caab03d15ce04a3c51bf529138","L1_level","advanced"
23,"edc637caab03d15ce04a3c51bf529138","gender","male"
23,"edc637caab03d15ce04a3c51bf529138","handedness","righthanded"
23,"edc637caab03d15ce04a3c51bf529138","Strategy","Mir den ersten Satz gut einprägen und dann ausgehend davon den zweiten Satz zügig durchlesen."
23,"edc637caab03d15ce04a3c51bf529138","Guesses","Nein"
23,"edc637caab03d15ce04a3c51bf529138","Experiment_length","medium"
23,"edc637caab03d15ce04a3c51bf529138","Task_difficulty","medium"
23,"edc637caab03d15ce04a3c51bf529138","Problems","Nein"
23,"edc637caab03d15ce04a3c51bf529138","Remarks","Nein"
23,"edc637caab03d15ce04a3c51bf529138","KeepData","yes"
24,"4550b53fa6cebded34c39525cf5398b1","Native_language","Deutsch"
24,"4550b53fa6cebded34c39525cf5398b1","L1","Englisch"
24,"4550b53fa6cebded34c39525cf5398b1","L1_age","11"
24,"4550b53fa6cebded34c39525cf5398b1","L2",""
24,"4550b53fa6cebded34c39525cf5398b1","L2_age",""
24,"4550b53fa6cebded34c39525cf5398b1","L3",""
24,"4550b53fa6cebded34c39525cf5398b1","L3_age",""
24,"4550b53fa6cebded34c39525cf5398b1","Age","32"
24,"4550b53fa6cebded34c39525cf5398b1","L1_level","fluent"
24,"4550b53fa6cebded34c39525cf5398b1","gender","male"
24,"4550b53fa6cebded34c39525cf5398b1","handedness","righthanded"
24,"4550b53fa6cebded34c39525cf5398b1","Strategy","Keine besondere Strategie. "
24,"4550b53fa6cebded34c39525cf5398b1","Guesses","Korrelation zwischen Lesedauer für Part 1 und Anzahl korrekter Einstufungen?"
24,"4550b53fa6cebded34c39525cf5398b1","Experiment_length","medium"
24,"4550b53fa6cebded34c39525cf5398b1","Task_difficulty","medium"
24,"4550b53fa6cebded34c39525cf5398b1","Problems","Nein"
24,"4550b53fa6cebded34c39525cf5398b1","Remarks",""
24,"4550b53fa6cebded34c39525cf5398b1","KeepData","yes"
25,"7d694e5f77260d1948a61b0605137f9a","Native_language","Deutsch"
25,"7d694e5f77260d1948a61b0605137f9a","L1","Englisch"
25,"7d694e5f77260d1948a61b0605137f9a","L1_age","10"
25,"7d694e5f77260d1948a61b0605137f9a","L2","Französich"
25,"7d694e5f77260d1948a61b0605137f9a","L2_age","12"
25,"7d694e5f77260d1948a61b0605137f9a","L3","Spanisch"
25,"7d694e5f77260d1948a61b0605137f9a","L3_age","25"
25,"7d694e5f77260d1948a61b0605137f9a","Age","30"
25,"7d694e5f77260d1948a61b0605137f9a","L1_level","advanced"
25,"7d694e5f77260d1948a61b0605137f9a","L2_level","intermediate"
25,"7d694e5f77260d1948a61b0605137f9a","L3_level","elementary"
25,"7d694e5f77260d1948a61b0605137f9a","gender","male"
25,"7d694e5f77260d1948a61b0605137f9a","handedness","righthanded"
25,"7d694e5f77260d1948a61b0605137f9a","Strategy","Aussagen mit nie waren meistens falsch."
25,"7d694e5f77260d1948a61b0605137f9a","Guesses","Lesegeschwindigkeit."
25,"7d694e5f77260d1948a61b0605137f9a","Experiment_length","medium"
25,"7d694e5f77260d1948a61b0605137f9a","Task_difficulty","medium"
25,"7d694e5f77260d1948a61b0605137f9a","Problems",""
25,"7d694e5f77260d1948a61b0605137f9a","Remarks",""
25,"7d694e5f77260d1948a61b0605137f9a","KeepData","yes"
26,"ea17c246431afcfc258e65e814d84b2c","Native_language","deutsch"
26,"ea17c246431afcfc258e65e814d84b2c","L1","englisch"
26,"ea17c246431afcfc258e65e814d84b2c","L1_age","7"
26,"ea17c246431afcfc258e65e814d84b2c","L2","französisch"
26,"ea17c246431afcfc258e65e814d84b2c","L2_age","13"
26,"ea17c246431afcfc258e65e814d84b2c","L3",""
26,"ea17c246431afcfc258e65e814d84b2c","L3_age",""
26,"ea17c246431afcfc258e65e814d84b2c","Age","25"
26,"ea17c246431afcfc258e65e814d84b2c","L1_level","fluent"
26,"ea17c246431afcfc258e65e814d84b2c","L2_level","intermediate"
26,"ea17c246431afcfc258e65e814d84b2c","gender","male"
26,"ea17c246431afcfc258e65e814d84b2c","handedness","righthanded"
26,"ea17c246431afcfc258e65e814d84b2c","Strategy","Instinktive Antworten"
26,"ea17c246431afcfc258e65e814d84b2c","Guesses",""
26,"ea17c246431afcfc258e65e814d84b2c","Experiment_length","medium"
26,"ea17c246431afcfc258e65e814d84b2c","Task_difficulty","medium"
26,"ea17c246431afcfc258e65e814d84b2c","Problems","-"
26,"ea17c246431afcfc258e65e814d84b2c","Remarks",""
26,"ea17c246431afcfc258e65e814d84b2c","KeepData","yes"
27,"1e178a61d2c4c66c48cb04af90bb9d8e","Native_language","deutsch"
27,"1e178a61d2c4c66c48cb04af90bb9d8e","L1","Englisch"
27,"1e178a61d2c4c66c48cb04af90bb9d8e","L1_age","8"
27,"1e178a61d2c4c66c48cb04af90bb9d8e","L2","Französisch"
27,"1e178a61d2c4c66c48cb04af90bb9d8e","L2_age","11"
27,"1e178a61d2c4c66c48cb04af90bb9d8e","L3","Spanisch"
27,"1e178a61d2c4c66c48cb04af90bb9d8e","L3_age","15"
27,"1e178a61d2c4c66c48cb04af90bb9d8e","Age","24"
27,"1e178a61d2c4c66c48cb04af90bb9d8e","L1_level","fluent"
27,"1e178a61d2c4c66c48cb04af90bb9d8e","L2_level","elementary"
27,"1e178a61d2c4c66c48cb04af90bb9d8e","L3_level","elementary"
27,"1e178a61d2c4c66c48cb04af90bb9d8e","gender","female"
27,"1e178a61d2c4c66c48cb04af90bb9d8e","handedness","righthanded"
27,"1e178a61d2c4c66c48cb04af90bb9d8e","Strategy","Meist war die Handlung wichtig, der Beruf der Person unwichtig, deshalb habe ich mich eher darauf konzentriert."
27,"1e178a61d2c4c66c48cb04af90bb9d8e","Guesses","Vielleicht ob die Relevanz des Textes Auswirkungen auf das Verständnis hat (z. B. Tötung vs. Schwimmunterricht)"
27,"1e178a61d2c4c66c48cb04af90bb9d8e","Experiment_length","medium"
27,"1e178a61d2c4c66c48cb04af90bb9d8e","Task_difficulty","very easy"
27,"1e178a61d2c4c66c48cb04af90bb9d8e","Problems","nein"
27,"1e178a61d2c4c66c48cb04af90bb9d8e","Remarks","nein"
27,"1e178a61d2c4c66c48cb04af90bb9d8e","KeepData","yes"
28,"32f24f8f94e4e9121cb8472fe0c858af","handedness","righthanded"
28,"32f24f8f94e4e9121cb8472fe0c858af","gender","female"
28,"32f24f8f94e4e9121cb8472fe0c858af","L3_level","elementary"
28,"32f24f8f94e4e9121cb8472fe0c858af","L2_level","elementary"
28,"32f24f8f94e4e9121cb8472fe0c858af","L1_level","fluent"
28,"32f24f8f94e4e9121cb8472fe0c858af","Age","23"
28,"32f24f8f94e4e9121cb8472fe0c858af","L3_age","18"
28,"32f24f8f94e4e9121cb8472fe0c858af","L3","Dutch"
28,"32f24f8f94e4e9121cb8472fe0c858af","L2_age","12"
28,"32f24f8f94e4e9121cb8472fe0c858af","L2","Spanisch"
28,"32f24f8f94e4e9121cb8472fe0c858af","L1_age","8"
28,"32f24f8f94e4e9121cb8472fe0c858af","L1","Englisch"
28,"32f24f8f94e4e9121cb8472fe0c858af","Native_language","Deutsch"
28,"32f24f8f94e4e9121cb8472fe0c858af","Task_difficulty","very easy"
28,"32f24f8f94e4e9121cb8472fe0c858af","Experiment_length","medium"
28,"32f24f8f94e4e9121cb8472fe0c858af","Guesses",""
28,"32f24f8f94e4e9121cb8472fe0c858af","Strategy","Nein; so schnell wie möglich"
28,"32f24f8f94e4e9121cb8472fe0c858af","KeepData","yes"
28,"32f24f8f94e4e9121cb8472fe0c858af","Remarks",""
28,"32f24f8f94e4e9121cb8472fe0c858af","Problems",""
29,"a0979dc09ecc8e6438e467abc58f0ced","Native_language","Deutsch"
29,"a0979dc09ecc8e6438e467abc58f0ced","L1","Englisch"
29,"a0979dc09ecc8e6438e467abc58f0ced","L1_age","8"
29,"a0979dc09ecc8e6438e467abc58f0ced","L2","Französisch"
29,"a0979dc09ecc8e6438e467abc58f0ced","L2_age","12"
29,"a0979dc09ecc8e6438e467abc58f0ced","L3","Spanisch"
29,"a0979dc09ecc8e6438e467abc58f0ced","L3_age","15"
29,"a0979dc09ecc8e6438e467abc58f0ced","Age","21"
29,"a0979dc09ecc8e6438e467abc58f0ced","L1_level","fluent"
29,"a0979dc09ecc8e6438e467abc58f0ced","L2_level","elementary"
29,"a0979dc09ecc8e6438e467abc58f0ced","L3_level","elementary"
29,"a0979dc09ecc8e6438e467abc58f0ced","gender","female"
29,"a0979dc09ecc8e6438e467abc58f0ced","handedness","righthanded"
29,"a0979dc09ecc8e6438e467abc58f0ced","Strategy","Ich hab den ersten Satz immer laut vorgelesen, damit ich ihn mir besser merken kann. Hat leider nicht immer funktioniert."
29,"a0979dc09ecc8e6438e467abc58f0ced","Guesses","Keine Ahnung"
29,"a0979dc09ecc8e6438e467abc58f0ced","Experiment_length","medium"
29,"a0979dc09ecc8e6438e467abc58f0ced","Task_difficulty","medium"
29,"a0979dc09ecc8e6438e467abc58f0ced","Problems","Nein"
29,"a0979dc09ecc8e6438e467abc58f0ced","Remarks","Nein, nichts :)"
29,"a0979dc09ecc8e6438e467abc58f0ced","KeepData","yes"
30,"4f0d0cceb76c28959a757be818ff2367","Native_language","Deutsch und Tschechisch"
30,"4f0d0cceb76c28959a757be818ff2367","L1","Englisch"
30,"4f0d0cceb76c28959a757be818ff2367","L1_age","10"
30,"4f0d0cceb76c28959a757be818ff2367","L2","Spanisch"
30,"4f0d0cceb76c28959a757be818ff2367","L2_age","14"
30,"4f0d0cceb76c28959a757be818ff2367","L3",""
30,"4f0d0cceb76c28959a757be818ff2367","L3_age",""
30,"4f0d0cceb76c28959a757be818ff2367","Age","21"
30,"4f0d0cceb76c28959a757be818ff2367","L1_level","fluent"
30,"4f0d0cceb76c28959a757be818ff2367","L2_level","intermediate"
30,"4f0d0cceb76c28959a757be818ff2367","gender","female"
30,"4f0d0cceb76c28959a757be818ff2367","handedness","righthanded"
30,"4f0d0cceb76c28959a757be818ff2367","Strategy","Den ersten Satz lange lesen und den Rest auf sich zu kommen lassen"
30,"4f0d0cceb76c28959a757be818ff2367","Guesses",""
30,"4f0d0cceb76c28959a757be818ff2367","Experiment_length","medium"
30,"4f0d0cceb76c28959a757be818ff2367","Task_difficulty","medium"
30,"4f0d0cceb76c28959a757be818ff2367","Problems","nein"
30,"4f0d0cceb76c28959a757be818ff2367","Remarks",""
30,"4f0d0cceb76c28959a757be818ff2367","KeepData","yes"
31,"4454a35a4f16c1509ad78458e9438d45","handedness","righthanded"
31,"4454a35a4f16c1509ad78458e9438d45","gender","female"
31,"4454a35a4f16c1509ad78458e9438d45","L3_level","elementary"
31,"4454a35a4f16c1509ad78458e9438d45","L2_level","intermediate"
31,"4454a35a4f16c1509ad78458e9438d45","L1_level","fluent"
31,"4454a35a4f16c1509ad78458e9438d45","Age","21"
31,"4454a35a4f16c1509ad78458e9438d45","L3_age","15"
31,"4454a35a4f16c1509ad78458e9438d45","L3","Spanisch"
31,"4454a35a4f16c1509ad78458e9438d45","L2_age","13"
31,"4454a35a4f16c1509ad78458e9438d45","L2","Französisch"
31,"4454a35a4f16c1509ad78458e9438d45","L1_age","1"
31,"4454a35a4f16c1509ad78458e9438d45","L1","Englisch"
31,"4454a35a4f16c1509ad78458e9438d45","Native_language","Deutsch"
31,"4454a35a4f16c1509ad78458e9438d45","Task_difficulty","very easy"
31,"4454a35a4f16c1509ad78458e9438d45","Experiment_length","medium"
31,"4454a35a4f16c1509ad78458e9438d45","Guesses","Nein"
31,"4454a35a4f16c1509ad78458e9438d45","Strategy","Nein"
31,"4454a35a4f16c1509ad78458e9438d45","KeepData","yes"
31,"4454a35a4f16c1509ad78458e9438d45","Remarks","Nein"
31,"4454a35a4f16c1509ad78458e9438d45","Problems","Nein"
32,"3812679769cd796509115b25b0f8247b","Native_language","Deutsch"
32,"3812679769cd796509115b25b0f8247b","L1","Englisch"
32,"3812679769cd796509115b25b0f8247b","L1_age","11"
32,"3812679769cd796509115b25b0f8247b","L2","Französisch"
32,"3812679769cd796509115b25b0f8247b","L2_age","12"
32,"3812679769cd796509115b25b0f8247b","L3","Japanisch"
32,"3812679769cd796509115b25b0f8247b","L3_age","16"
32,"3812679769cd796509115b25b0f8247b","Age","31"
32,"3812679769cd796509115b25b0f8247b","L1_level","fluent"
32,"3812679769cd796509115b25b0f8247b","L2_level","intermediate"
32,"3812679769cd796509115b25b0f8247b","L3_level","elementary"
32,"3812679769cd796509115b25b0f8247b","gender","female"
32,"3812679769cd796509115b25b0f8247b","handedness","righthanded"
32,"3812679769cd796509115b25b0f8247b","Strategy","Den ersten Satz gut merken und dann den zweiten Satz schnell lesen."
32,"3812679769cd796509115b25b0f8247b","Guesses","Aufmerksamkeit, Textverständniss"
32,"3812679769cd796509115b25b0f8247b","Experiment_length","medium"
32,"3812679769cd796509115b25b0f8247b","Task_difficulty","medium"
32,"3812679769cd796509115b25b0f8247b","Problems","Nein"
32,"3812679769cd796509115b25b0f8247b","Remarks","Nein"
32,"3812679769cd796509115b25b0f8247b","KeepData","yes"
33,"e8f005ae63507fbdcd08a95888806806","Native_language","Deutsch"
33,"e8f005ae63507fbdcd08a95888806806","L1","Französisch"
33,"e8f005ae63507fbdcd08a95888806806","L1_age","13"
33,"e8f005ae63507fbdcd08a95888806806","L2","Englisch"
33,"e8f005ae63507fbdcd08a95888806806","L2_age","14"
33,"e8f005ae63507fbdcd08a95888806806","L3",""
33,"e8f005ae63507fbdcd08a95888806806","L3_age",""
33,"e8f005ae63507fbdcd08a95888806806","Age","24"
33,"e8f005ae63507fbdcd08a95888806806","L1_level","fluent"
33,"e8f005ae63507fbdcd08a95888806806","L2_level","fluent"
33,"e8f005ae63507fbdcd08a95888806806","gender","male"
33,"e8f005ae63507fbdcd08a95888806806","handedness","lefthanded"
33,"e8f005ae63507fbdcd08a95888806806","Strategy","Ich habe vor allem auf den letzten Teil des Satzes geachtet. "
33,"e8f005ae63507fbdcd08a95888806806","Guesses",""
33,"e8f005ae63507fbdcd08a95888806806","Experiment_length","medium"
33,"e8f005ae63507fbdcd08a95888806806","Task_difficulty","very easy"
33,"e8f005ae63507fbdcd08a95888806806","Problems","Nein"
33,"e8f005ae63507fbdcd08a95888806806","Remarks","Nein"
33,"e8f005ae63507fbdcd08a95888806806","KeepData","yes"
34,"740b1f9a6b5de96d16d72a4f9f164d82","Native_language","Deutsch"
34,"740b1f9a6b5de96d16d72a4f9f164d82","L1","Englisch"
34,"740b1f9a6b5de96d16d72a4f9f164d82","L1_age","6"
34,"740b1f9a6b5de96d16d72a4f9f164d82","L2","Spanisch"
34,"740b1f9a6b5de96d16d72a4f9f164d82","L2_age","20"
34,"740b1f9a6b5de96d16d72a4f9f164d82","L3","Französisch"
34,"740b1f9a6b5de96d16d72a4f9f164d82","L3_age","12"
34,"740b1f9a6b5de96d16d72a4f9f164d82","Age","25"
34,"740b1f9a6b5de96d16d72a4f9f164d82","L1_level","fluent"
34,"740b1f9a6b5de96d16d72a4f9f164d82","L2_level","intermediate"
34,"740b1f9a6b5de96d16d72a4f9f164d82","L3_level","elementary"
34,"740b1f9a6b5de96d16d72a4f9f164d82","gender","female"
34,"740b1f9a6b5de96d16d72a4f9f164d82","handedness","righthanded"
34,"740b1f9a6b5de96d16d72a4f9f164d82","Strategy","Keine Strategie, allerdings wurde häufig durch ein Stichwort im zweiten Satz die Plausibilität ersichtlich "
34,"740b1f9a6b5de96d16d72a4f9f164d82","Guesses","Nein"
34,"740b1f9a6b5de96d16d72a4f9f164d82","Experiment_length","medium"
34,"740b1f9a6b5de96d16d72a4f9f164d82","Task_difficulty","very easy"
34,"740b1f9a6b5de96d16d72a4f9f164d82","Problems","Nein"
34,"740b1f9a6b5de96d16d72a4f9f164d82","Remarks","Nein"
34,"740b1f9a6b5de96d16d72a4f9f164d82","KeepData","yes"
35,"6fffa6afc104d323172c5c2d8bb21539","Native_language","Deutsch"
35,"6fffa6afc104d323172c5c2d8bb21539","L1","Englisch"
35,"6fffa6afc104d323172c5c2d8bb21539","L1_age","11"
35,"6fffa6afc104d323172c5c2d8bb21539","L2",""
35,"6fffa6afc104d323172c5c2d8bb21539","L2_age",""
35,"6fffa6afc104d323172c5c2d8bb21539","L3",""
35,"6fffa6afc104d323172c5c2d8bb21539","L3_age",""
35,"6fffa6afc104d323172c5c2d8bb21539","Age","30"
35,"6fffa6afc104d323172c5c2d8bb21539","L1_level","advanced"
35,"6fffa6afc104d323172c5c2d8bb21539","gender","female"
35,"6fffa6afc104d323172c5c2d8bb21539","handedness","righthanded"
35,"6fffa6afc104d323172c5c2d8bb21539","Strategy","Nein, ich hatte keine Strategie. "
35,"6fffa6afc104d323172c5c2d8bb21539","Guesses","Eventuell wie Sätze mit Verneinungen sich auf das Verstehen auswirken. "
35,"6fffa6afc104d323172c5c2d8bb21539","Experiment_length","medium"
35,"6fffa6afc104d323172c5c2d8bb21539","Task_difficulty","very easy"
35,"6fffa6afc104d323172c5c2d8bb21539","Problems","Nein."
35,"6fffa6afc104d323172c5c2d8bb21539","Remarks","Nein."
35,"6fffa6afc104d323172c5c2d8bb21539","KeepData","yes"
36,"6d54c4d834085c927dd40261dc0e68d2","Native_language","deutsch"
36,"6d54c4d834085c927dd40261dc0e68d2","L1","englisch"
36,"6d54c4d834085c927dd40261dc0e68d2","L1_age","5"
36,"6d54c4d834085c927dd40261dc0e68d2","L2",""
36,"6d54c4d834085c927dd40261dc0e68d2","L2_age",""
36,"6d54c4d834085c927dd40261dc0e68d2","L3",""
36,"6d54c4d834085c927dd40261dc0e68d2","L3_age",""
36,"6d54c4d834085c927dd40261dc0e68d2","Age","22"
36,"6d54c4d834085c927dd40261dc0e68d2","L1_level","fluent"
36,"6d54c4d834085c927dd40261dc0e68d2","gender","male"
36,"6d54c4d834085c927dd40261dc0e68d2","handedness","righthanded"
36,"6d54c4d834085c927dd40261dc0e68d2","Strategy","Grob die Inhalte im Hinterkopf behalten. "
36,"6d54c4d834085c927dd40261dc0e68d2","Guesses","ob der Satzbau das Erinnerungsmvermögen beeinflusst"
36,"6d54c4d834085c927dd40261dc0e68d2","Experiment_length","medium"
36,"6d54c4d834085c927dd40261dc0e68d2","Task_difficulty","very easy"
36,"6d54c4d834085c927dd40261dc0e68d2","Problems",""
36,"6d54c4d834085c927dd40261dc0e68d2","Remarks",""
36,"6d54c4d834085c927dd40261dc0e68d2","KeepData","yes"
37,"b9ce8c88c1612df84279d76816ff031a","Native_language","Deutsch"
37,"b9ce8c88c1612df84279d76816ff031a","L1","Englisch"
37,"b9ce8c88c1612df84279d76816ff031a","L1_age","1"
37,"b9ce8c88c1612df84279d76816ff031a","L2","Französisch"
37,"b9ce8c88c1612df84279d76816ff031a","L2_age","12"
37,"b9ce8c88c1612df84279d76816ff031a","L3",""
37,"b9ce8c88c1612df84279d76816ff031a","L3_age",""
37,"b9ce8c88c1612df84279d76816ff031a","Age","29"
37,"b9ce8c88c1612df84279d76816ff031a","L1_level","fluent"
37,"b9ce8c88c1612df84279d76816ff031a","L2_level","elementary"
37,"b9ce8c88c1612df84279d76816ff031a","gender","male"
37,"b9ce8c88c1612df84279d76816ff031a","handedness","lefthanded"
37,"b9ce8c88c1612df84279d76816ff031a","Strategy","Nein"
37,"b9ce8c88c1612df84279d76816ff031a","Guesses","Leider nein"
37,"b9ce8c88c1612df84279d76816ff031a","Experiment_length","medium"
37,"b9ce8c88c1612df84279d76816ff031a","Task_difficulty","medium"
37,"b9ce8c88c1612df84279d76816ff031a","Problems",""
37,"b9ce8c88c1612df84279d76816ff031a","Remarks",""
37,"b9ce8c88c1612df84279d76816ff031a","KeepData","yes"
38,"3a843c459a17d09e39ca584aff5dc01c","Native_language","deutsch"
38,"3a843c459a17d09e39ca584aff5dc01c","L1","englisch"
38,"3a843c459a17d09e39ca584aff5dc01c","L1_age","8"
38,"3a843c459a17d09e39ca584aff5dc01c","L2",""
38,"3a843c459a17d09e39ca584aff5dc01c","L2_age",""
38,"3a843c459a17d09e39ca584aff5dc01c","L3",""
38,"3a843c459a17d09e39ca584aff5dc01c","L3_age",""
38,"3a843c459a17d09e39ca584aff5dc01c","Age","21"
38,"3a843c459a17d09e39ca584aff5dc01c","L1_level","fluent"
38,"3a843c459a17d09e39ca584aff5dc01c","gender","female"
38,"3a843c459a17d09e39ca584aff5dc01c","handedness","righthanded"
38,"3a843c459a17d09e39ca584aff5dc01c","Strategy",""
38,"3a843c459a17d09e39ca584aff5dc01c","Guesses",""
38,"3a843c459a17d09e39ca584aff5dc01c","Experiment_length","medium"
38,"3a843c459a17d09e39ca584aff5dc01c","Task_difficulty","medium"
38,"3a843c459a17d09e39ca584aff5dc01c","Problems",""
38,"3a843c459a17d09e39ca584aff5dc01c","Remarks",""
38,"3a843c459a17d09e39ca584aff5dc01c","KeepData","yes"
39,"9bb78725ee844b30427aef1f606666b9","Native_language","Deutsch"
39,"9bb78725ee844b30427aef1f606666b9","L1","Englisch"
39,"9bb78725ee844b30427aef1f606666b9","L1_age","9"
39,"9bb78725ee844b30427aef1f606666b9","L2",""
39,"9bb78725ee844b30427aef1f606666b9","L2_age",""
39,"9bb78725ee844b30427aef1f606666b9","L3",""
39,"9bb78725ee844b30427aef1f606666b9","L3_age",""
39,"9bb78725ee844b30427aef1f606666b9","Age","20"
39,"9bb78725ee844b30427aef1f606666b9","L1_level","fluent"
39,"9bb78725ee844b30427aef1f606666b9","gender","female"
39,"9bb78725ee844b30427aef1f606666b9","handedness","righthanded"
39,"9bb78725ee844b30427aef1f606666b9","Strategy",""
39,"9bb78725ee844b30427aef1f606666b9","Guesses",""
39,"9bb78725ee844b30427aef1f606666b9","Experiment_length","medium"
39,"9bb78725ee844b30427aef1f606666b9","Task_difficulty","very easy"
39,"9bb78725ee844b30427aef1f606666b9","Problems",""
39,"9bb78725ee844b30427aef1f606666b9","Remarks",""
39,"9bb78725ee844b30427aef1f606666b9","KeepData","yes"
40,"d72e95f83d44e98b68740e0fbcc4c0e2","Native_language","deutsch , türkisch"
40,"d72e95f83d44e98b68740e0fbcc4c0e2","L1","English"
40,"d72e95f83d44e98b68740e0fbcc4c0e2","L1_age","8"
40,"d72e95f83d44e98b68740e0fbcc4c0e2","L2",""
40,"d72e95f83d44e98b68740e0fbcc4c0e2","L2_age",""
40,"d72e95f83d44e98b68740e0fbcc4c0e2","L3",""
40,"d72e95f83d44e98b68740e0fbcc4c0e2","L3_age",""
40,"d72e95f83d44e98b68740e0fbcc4c0e2","Age","26"
40,"d72e95f83d44e98b68740e0fbcc4c0e2","L1_level","advanced"
40,"d72e95f83d44e98b68740e0fbcc4c0e2","gender","male"
40,"d72e95f83d44e98b68740e0fbcc4c0e2","handedness","lefthanded"
40,"d72e95f83d44e98b68740e0fbcc4c0e2","Strategy","schlüsselwörter"
40,"d72e95f83d44e98b68740e0fbcc4c0e2","Guesses","konzentration und erinnerungsvermögen"
40,"d72e95f83d44e98b68740e0fbcc4c0e2","Experiment_length","very long"
40,"d72e95f83d44e98b68740e0fbcc4c0e2","Task_difficulty","medium"
40,"d72e95f83d44e98b68740e0fbcc4c0e2","Problems","nein"
40,"d72e95f83d44e98b68740e0fbcc4c0e2","Remarks","nein"
40,"d72e95f83d44e98b68740e0fbcc4c0e2","KeepData","yes"
